Symbol,Date,Volume,High,Low,Open,Close
$indu,10/05/05,0,10438.4700,10316.1600,10434.8100,10317.3600
$indu,10/06/05,0,10369.5500,10218.0900,10317.3600,10287.1000
$indu,10/07/05,0,10347.3000,10280.6200,10287.4200,10292.3100
$indu,10/10/05,0,10323.1200,10237.8000,10292.9500,10238.7600
$indu,10/11/05,0,10312.8800,10234.2000,10239.1600,10253.1700
$indu,10/12/05,0,10308.8800,10186.0900,10253.8100,10216.9100
$indu,10/13/05,0,10241.3200,10156.4600,10216.9100,10216.5900
$indu,10/14/05,0,10291.9100,10200.1000,10216.5900,10287.3400
$indu,10/17/05,0,10350.9900,10269.8100,10287.4200,10348.1000
$indu,10/18/05,0,10361.4700,10285.2600,10349.1400,10285.2600
$indu,10/19/05,0,10414.1300,10232.9800,10277.1800,10414.1300
$indu,10/20/05,0,10432.7800,10252.1300,10411.7300,10281.1000
$indu,10/21/05,0,10350.9800,10193.4500,10282.2200,10215.2200
$indu,10/24/05,0,10387.0000,10216.1100,10216.1100,10385.0000
$indu,10/25/05,0,10411.6500,10316.8800,10383.8800,10377.8700
$indu,10/26/05,0,10434.4700,10336.8200,10377.3900,10344.9800
$indu,10/27/05,0,10349.2200,10229.9500,10345.3800,10229.9500
$indu,10/28/05,0,10404.7000,10231.1500,10231.1500,10402.7700
$indu,10/31/05,0,10486.6500,10403.1700,10403.2500,10440.0700
$indu,11/01/05,0,10455.2800,10406.3700,10437.5100,10406.7700
$indu,11/02/05,0,10493.5400,10388.7600,10406.2900,10472.7300
$indu,11/03/05,0,10561.1600,10470.4900,10470.4900,10522.5900
$indu,11/04/05,0,10552.3800,10479.3900,10523.2300,10530.7600
$indu,11/07/05,0,10593.3500,10520.4300,10531.2400,10586.2300
$indu,11/08/05,0,10574.2200,10524.2800,10574.1800,10539.7200
$indu,11/09/05,0,10601.9200,10519.5500,10539.2400,10546.2100
$indu,11/10/05,0,10655.5300,10519.3900,10541.1600,10640.1000
$indu,11/11/05,0,10696.4500,10637.4300,10641.3000,10686.0400
$indu,11/14/05,0,10710.0600,10674.2800,10686.6000,10697.1700
$indu,11/15/05,0,10741.9900,10664.2700,10697.0100,10686.4400
$indu,11/16/05,0,10712.2200,10652.2700,10683.0300,10674.7600
$indu,11/17/05,0,10727.6700,10665.5500,10677.0000,10720.2200
$indu,11/18/05,0,10796.2600,10697.2500,10719.3400,10766.3300
$indu,11/21/05,0,10835.3300,10761.0500,10766.3300,10820.2800
$indu,11/22/05,0,10877.4300,10787.2200,10815.9600,10871.4300
$indu,11/23/05,0,10950.7500,10855.3400,10871.4300,10916.0900
$indu,11/25/05,0,10955.4800,10914.4900,10915.1300,10931.6200
$indu,11/28/05,0,10951.9300,10881.6300,10932.7400,10890.7200
$indu,11/29/05,0,10959.7900,10888.0700,10888.4800,10888.1600
$indu,11/30/05,0,10924.8200,10803.8700,10883.9100,10805.8700
$indu,12/01/05,0,10934.9000,10806.0300,10806.0300,10912.5700
$indu,12/02/05,0,10921.3700,10861.6600,10912.0100,10877.5100
$indu,12/05/05,0,10876.9500,10810.6700,10876.9500,10835.0100
$indu,12/06/05,0,10936.2000,10835.4100,10835.4100,10856.8600
$indu,12/07/05,0,10868.0600,10764.0100,10856.8600,10810.9100
$indu,12/08/05,0,10847.2500,10729.6700,10808.4300,10755.1200
$indu,12/09/05,0,10805.9500,10729.9100,10751.7600,10778.5800
$indu,12/12/05,0,10811.7100,10735.1100,10778.6600,10767.7700
$indu,12/13/05,0,10871.5100,10751.3600,10765.6900,10823.7200
$indu,12/14/05,0,10919.7700,10820.3200,10821.3200,10883.5100
$indu,12/15/05,0,10938.7400,10865.4200,10883.4300,10881.6700
$indu,12/16/05,0,10940.3400,10869.2700,10881.6700,10875.5900
$indu,12/19/05,0,10922.4100,10825.6400,10875.5100,10836.5300
$indu,12/20/05,0,10860.1400,10789.6200,10836.9300,10805.5500
$indu,12/21/05,0,10900.8900,10805.6300,10805.6300,10833.7300
$indu,12/22/05,0,10891.0400,10829.1600,10831.5600,10889.4400
$indu,12/23/05,0,10904.8000,10869.8300,10883.2700,10883.2700
$indu,12/27/05,0,10932.8200,10776.4900,10883.7500,10777.7700
$indu,12/28/05,0,10825.1600,10778.2500,10778.2500,10796.2600
$indu,12/29/05,0,10825.2400,10779.2200,10795.7000,10784.8200
$indu,12/30/05,0,10783.8600,10709.4200,10783.8600,10717.5000
$indu,01/03/06,0,10862.7800,10684.4500,10718.3000,10847.4100
$indu,01/04/06,0,10892.6400,10833.9000,10843.9700,10880.1500
$indu,01/05/06,0,10908.2500,10843.6500,10880.3900,10882.1500
$indu,01/06/06,0,10968.8400,10875.4500,10875.4500,10959.3100
$indu,01/09/06,0,11020.1500,10944.4300,10959.4700,11011.9000
$indu,01/10/06,0,11013.9800,10949.8700,11010.4600,11011.5800
$indu,01/11/06,0,11047.7600,10991.9700,11011.6600,11043.4400
$indu,01/12/06,0,11045.8400,10951.2300,11043.1200,10962.3600
$indu,01/13/06,0,10992.6900,10921.5300,10961.4800,10959.8700
$indu,01/17/06,0,10957.8700,10875.6000,10957.5500,10896.3200
$indu,01/18/06,0,10890.0800,10817.3200,10890.0800,10854.8600
$indu,01/19/06,0,10915.9500,10852.1300,10855.1800,10880.7100
$indu,01/20/06,0,10880.7100,10661.1500,10880.7100,10667.3900
$indu,01/23/06,0,10737.0400,10666.3500,10668.7500,10688.7700
$indu,01/24/06,0,10750.3100,10686.0400,10690.2100,10712.2200
$indu,01/25/06,0,10760.5700,10672.6000,10713.2600,10709.7400
$indu,01/26/06,0,10827.9600,10710.9400,10711.0200,10809.4700
$indu,01/27/06,0,10932.3400,10804.7500,10815.3200,10907.2100
$indu,01/30/06,0,10930.5000,10887.4400,10908.4900,10899.9200
$indu,01/31/06,0,10923.4500,10862.1400,10900.4000,10864.8600
$indu,02/01/06,0,10967.5700,10852.8200,10862.1400,10953.9500
$indu,02/02/06,0,10950.1100,10827.1600,10950.1100,10851.9800
$indu,02/03/06,0,10863.5800,10779.0600,10849.5700,10793.6200
$indu,02/06/06,0,10814.5100,10770.9700,10793.3000,10798.2700
$indu,02/07/06,0,10822.7600,10737.6700,10796.4200,10749.7600
$indu,02/08/06,0,10865.4200,10740.6300,10742.1600,10858.6200
$indu,02/09/06,0,10952.2700,10855.7400,10859.4200,10883.3500
$indu,02/10/06,0,10944.9900,10820.2000,10883.5100,10919.0500
$indu,02/13/06,0,10939.8600,10849.8900,10915.2100,10892.3200
$indu,02/14/06,0,11047.6800,10890.7200,10890.7200,11028.3900
$indu,02/15/06,0,11068.7400,10989.7200,11025.6700,11058.9700
$indu,02/16/06,0,11120.7600,11046.4000,11059.0500,11120.6800
$indu,02/17/06,0,11131.9500,11077.7000,11119.5600,11115.3200
$indu,02/21/06,0,11140.7700,11050.8100,11115.4800,11069.0600
$indu,02/22/06,0,11159.1800,11060.3300,11065.2900,11137.1700
$indu,02/23/06,0,11135.8900,11052.7300,11133.5200,11069.2200
$indu,02/24/06,0,11085.5400,11010.2200,11065.7700,11061.8500
$indu,02/27/06,0,11132.6100,11061.7300,11062.8100,11097.5500
$indu,02/28/06,0,11100.1900,10978.6100,11096.7500,10993.4100
$indu,03/01/06,0,11069.3800,10991.9700,10993.2500,11053.5300
$indu,03/02/06,0,11052.5700,10986.0500,11052.5700,11025.5100
$indu,03/03/06,0,11106.6800,10984.6100,11024.2300,11021.5900
$indu,03/06/06,0,11037.1200,10929.2200,11022.4700,10958.5900
$indu,03/07/06,0,10989.0100,10928.7400,10957.3100,10980.6900
$indu,03/08/06,0,11026.7100,10922.7300,10977.0800,11005.7400
$indu,03/09/06,0,11049.1200,10963.8800,11005.6600,10972.2800
$indu,03/10/06,0,11098.9900,10972.9200,10972.9200,11076.3400
$indu,03/13/06,0,11116.6800,11056.3300,11067.6100,11076.0200
$indu,03/14/06,0,11161.3500,11058.6500,11076.0200,11151.3400
$indu,03/15/06,0,11226.7400,11138.9300,11149.7600,11209.7700
$indu,03/16/06,0,11282.4500,11210.5700,11210.9700,11253.2400
$indu,03/17/06,0,11290.0700,11254.1200,11254.1200,11279.6500
$indu,03/20/06,0,11308.3900,11259.8000,11278.9300,11274.5300
$indu,03/21/06,0,11334.9600,11221.5400,11275.8900,11235.4700
$indu,03/22/06,0,11328.8000,11226.4200,11234.5100,11317.4300
$indu,03/23/06,0,11327.2000,11237.1500,11317.3500,11270.2900
$indu,03/24/06,0,11316.0900,11244.0300,11270.6100,11279.9700
$indu,03/27/06,0,11280.4500,11229.8600,11280.1300,11250.1100
$indu,03/28/06,0,11281.7700,11145.0200,11250.1100,11154.5400
$indu,03/29/06,0,11244.3500,11154.9400,11154.9400,11215.7000
$indu,03/30/06,0,11259.1600,11117.6400,11216.3400,11150.7000
$indu,03/31/06,0,11191.3600,11105.6500,11151.3400,11109.3200
$indu,04/03/06,0,11191.3600,11105.6500,11151.3400,11109.3200
$indu,04/04/06,0,11226.9800,11123.5700,11142.5400,11203.8500
$indu,04/05/06,0,11250.9900,11169.3500,11203.2100,11239.5500
$indu,04/06/06,0,11246.9100,11167.0300,11233.0100,11216.5000
$indu,04/07/06,0,11269.3000,11108.0200,11217.1400,11120.0400
$indu,04/10/06,0,11185.5400,11117.0800,11119.8800,11141.3300
$indu,04/11/06,0,11186.6400,11053.1700,11141.3300,11089.6300
$indu,04/12/06,0,11144.1400,11087.4700,11089.4700,11129.9700
$indu,04/13/06,0,11178.4000,11105.8000,11130.1300,11137.6500
$indu,04/17/06,0,11159.9900,11039.1200,11137.3300,11073.7800
$indu,04/18/06,0,11280.4500,11074.5800,11074.5800,11268.7700
$indu,04/19/06,0,11302.9500,11236.1900,11265.4000,11278.7700
$indu,04/20/06,0,11384.1100,11275.0500,11278.5300,11342.8900
$indu,04/21/06,0,11405.8800,11316.7900,11343.4500,11347.4500
$indu,04/24/06,0,11359.7000,11305.8300,11346.8100,11336.3200
$indu,04/25/06,0,11355.3700,11260.8400,11336.5600,11283.2500
$indu,04/26/06,0,11379.8700,11282.7700,11283.2500,11354.4900
$indu,04/27/06,0,11416.9300,11275.3000,11349.5300,11382.5100
$indu,04/28/06,0,11417.6600,11347.2100,11358.3300,11367.1400
$indu,05/01/06,0,11428.3700,11329.4400,11367.7800,11343.2900
$indu,05/02/06,0,11427.6500,11345.1300,11345.2100,11416.4500
$indu,05/03/06,0,11424.9300,11362.4200,11414.6900,11400.2800
$indu,05/04/06,0,11463.1100,11401.8000,11401.8000,11438.8600
$indu,05/05/06,0,11586.3800,11440.6200,11440.6200,11577.7400
$indu,05/08/06,0,11603.5900,11561.9700,11576.3700,11584.5400
$indu,05/09/06,0,11640.7300,11572.0500,11584.6200,11639.7700
$indu,05/10/06,0,11670.1900,11595.1800,11630.4800,11642.6500
$indu,05/11/06,0,11639.4500,11479.4400,11639.2900,11500.7300
$indu,05/12/06,0,11500.0100,11374.7400,11500.0100,11380.9900
$indu,05/15/06,0,11435.3400,11333.0400,11380.4300,11428.7700
$indu,05/16/06,0,11460.5500,11392.6700,11428.2100,11419.8900
$indu,05/17/06,0,11410.1300,11174.3800,11410.1300,11205.6100
$indu,05/18/06,0,11247.3900,11127.0900,11206.1700,11128.2900
$indu,05/19/06,0,11180.2900,11075.2200,11124.3700,11144.0600
$indu,05/22/06,0,11175.3500,11040.0700,11143.4200,11125.3300
$indu,05/23/06,0,11202.6500,11097.3100,11126.2900,11098.3500
$indu,05/24/06,0,11168.2400,11030.4700,11100.1100,11117.3200
$indu,05/25/06,0,11214.9800,11114.9600,11114.9600,11211.0500
$indu,05/26/06,0,11283.4900,11211.5400,11211.6900,11278.6100
$indu,05/30/06,0,11278.1300,11094.3500,11277.2500,11094.4300
$indu,05/31/06,0,11183.0400,11085.3800,11091.1500,11168.3100
$indu,06/01/06,0,11270.2100,11150.0700,11169.0300,11260.2800
$indu,06/02/06,0,11285.8200,11191.5300,11260.5200,11247.8700
$indu,06/05/06,0,11248.7900,11040.2400,11247.5500,11048.7200
$indu,06/06/06,0,11094.2600,10926.4200,11048.2400,11002.1400
$indu,06/07/06,0,11077.3800,10928.3400,11002.0600,10930.9000
$indu,06/08/06,0,10964.6800,10757.5500,10929.7000,10938.8200
$indu,06/09/06,0,10976.2000,10871.5900,10939.1400,10891.9200
$indu,06/12/06,0,10927.1200,10790.2600,10892.0000,10792.5800
$indu,06/13/06,0,10862.3000,10700.9300,10783.1400,10706.1400
$indu,06/14/06,0,10817.0000,10698.8500,10706.7800,10816.9200
$indu,06/15/06,0,11036.4800,10817.4800,10817.4800,11015.1900
$indu,06/16/06,0,11045.2000,10984.1300,11014.3800,11014.5500
$indu,06/19/06,0,11057.6100,10907.2900,11014.8700,10942.1100
$indu,06/20/06,0,11029.8300,10938.4200,10942.0300,10974.8400
$indu,06/21/06,0,11131.7300,10971.7200,10975.2400,11079.4600
$indu,06/22/06,0,11077.7800,10986.1400,11077.7800,11019.1100
$indu,06/23/06,0,11074.2600,10973.4000,11019.1900,10989.0900
$indu,06/26/06,0,11048.7200,10973.7200,10990.2900,11045.2800
$indu,06/27/06,0,11064.0900,10920.7300,11048.2400,10924.7400
$indu,06/28/06,0,10981.2500,10902.4800,10925.3000,10973.5600
$indu,06/29/06,0,11195.5400,10974.3600,10974.3600,11190.8000
$indu,06/30/06,0,11235.6300,11150.0600,11190.8000,11150.2200
$indu,07/03/06,0,11231.3000,11149.3400,11149.3400,11228.0200
$indu,07/05/06,0,11225.0600,11123.3200,11225.0600,11151.8200
$indu,07/06/06,0,11257.0800,11147.1200,11147.1200,11225.3000
$indu,07/07/06,0,11224.1800,11066.0100,11224.1800,11090.6700
$indu,07/10/06,0,11174.4700,11090.0400,11091.7100,11103.5500
$indu,07/11/06,0,11151.1800,11027.9900,11102.5900,11134.7700
$indu,07/12/06,0,11149.9600,10995.9700,11133.9700,11013.1800
$indu,07/13/06,0,11012.6200,10832.9300,11012.6200,10846.2900
$indu,07/14/06,0,10848.3700,10701.3400,10846.5300,10739.3500
$indu,07/17/06,0,10802.6700,10714.7100,10739.3500,10747.3600
$indu,07/18/06,0,10813.7900,10683.3200,10745.8400,10799.2300
$indu,07/19/06,0,11038.4800,10797.3900,10797.3900,11011.4200
$indu,07/20/06,0,11037.2800,10924.9800,11007.2600,10928.1000
$indu,07/21/06,0,10951.7700,10838.8500,10937.9400,10868.3800
$indu,07/24/06,0,11065.9500,10868.6200,10868.7000,11051.0500
$indu,07/25/06,0,11133.8100,10999.9000,11051.0500,11103.7100
$indu,07/26/06,0,11157.8200,11048.1600,11102.9100,11102.5100
$indu,07/27/06,0,11187.7600,11087.5500,11104.1900,11100.4300
$indu,07/28/06,0,11243.3100,11102.0300,11102.1100,11219.7000
$indu,07/31/06,0,11219.0600,11178.3200,11218.9000,11185.6800
$indu,08/01/06,0,11185.2800,11083.8600,11184.8000,11125.7300
$indu,08/02/06,0,11229.4600,11125.2500,11125.5700,11199.9300
$indu,08/03/06,0,11269.4900,11144.4600,11195.2800,11242.5900
$indu,08/04/06,0,11344.1700,11187.3600,11244.5900,11240.3500
$indu,08/07/06,0,11245.9500,11190.5600,11239.4700,11219.3800
$indu,08/08/06,0,11276.2900,11141.8200,11218.1800,11173.5900
$indu,08/09/06,0,11250.8400,11068.5700,11168.4700,11076.1800
$indu,08/10/06,0,11143.9800,11044.7200,11073.1400,11124.3700
$indu,08/11/06,0,11121.1600,11042.6400,11121.1600,11088.0300
$indu,08/14/06,0,11202.7300,11079.7800,11089.0700,11097.8700
$indu,08/15/06,0,11234.2700,11098.0300,11098.0300,11230.2600
$indu,08/16/06,0,11340.8000,11224.9100,11225.8700,11327.1200
$indu,08/17/06,0,11372.4200,11298.3800,11327.3600,11334.9600
$indu,08/18/06,0,11381.4700,11317.6700,11333.7600,11381.4700
$indu,08/21/06,0,11380.9900,11321.9900,11380.6700,11345.0500
$indu,08/22/06,0,11383.7100,11303.3400,11344.4100,11339.8400
$indu,08/23/06,0,11370.8200,11264.0400,11337.1200,11297.9000
$indu,08/24/06,0,11334.7200,11273.8900,11297.8200,11304.4600
$indu,08/25/06,0,11317.4300,11260.2800,11301.2200,11284.0500
$indu,08/28/06,0,11387.7900,11273.4900,11285.3300,11352.0100
$indu,08/29/06,0,11379.5500,11299.5800,11352.6500,11369.9400
$indu,08/30/06,0,11407.0800,11355.6900,11365.9800,11382.9100
$indu,08/31/06,0,11405.3200,11369.7800,11383.4700,11381.1500
$indu,09/01/06,0,11476.4800,11382.7500,11382.7500,11464.1500
$indu,09/05/06,0,11488.1700,11438.0600,11461.8300,11469.2800
$indu,09/06/06,0,11466.2300,11395.1500,11466.2300,11406.2000
$indu,09/07/06,0,11405.2400,11323.8400,11405.1600,11331.4400
$indu,09/08/06,0,11402.8400,11331.0400,11332.2400,11392.1100
$indu,09/11/06,0,11421.2500,11342.1700,11389.8700,11396.8400
$indu,09/12/06,0,11512.9800,11395.7100,11396.1200,11498.0900
$indu,09/13/06,0,11567.2500,11476.1600,11487.6900,11543.3200
$indu,09/14/06,0,11549.0800,11495.3700,11543.4000,11527.3900
$indu,09/15/06,0,11613.5100,11528.7500,11528.7500,11560.7700
$indu,09/18/06,0,11588.3800,11528.1100,11559.9700,11555.0000
$indu,09/19/06,0,11562.0500,11480.5600,11554.6000,11540.9100
$indu,09/20/06,0,11628.8800,11542.2000,11542.2800,11613.1900
$indu,09/21/06,0,11630.5600,11501.7700,11611.6700,11533.2300
$indu,09/22/06,0,11533.0700,11474.5600,11532.9100,11508.1000
$indu,09/25/06,0,11616.4800,11486.0000,11509.3000,11575.8100
$indu,09/26/06,0,11670.2700,11567.6500,11575.7300,11669.3900
$indu,09/27/06,0,11720.7700,11659.6200,11670.1900,11689.2400
$indu,09/28/06,0,11728.4600,11660.4200,11689.4000,11718.4500
$indu,09/29/06,0,11741.9900,11677.7900,11718.0500,11679.0700
$indu,10/02/06,0,11726.9400,11658.6600,11678.9900,11670.3500
$indu,10/03/06,0,11758.9500,11653.0600,11670.1100,11727.3400
$indu,10/04/06,0,11851.2500,11707.4900,11722.9400,11850.6100
$indu,10/05/06,0,11870.0600,11821.2300,11844.3800,11866.6900
$indu,10/06/06,0,11865.5700,11800.5000,11865.4900,11850.2100
$indu,10/09/06,0,11872.9400,11813.2200,11849.5600,11857.8100
$indu,10/10/06,0,11877.9000,11829.7100,11857.0900,11867.1700
$indu,10/11/06,0,11875.9800,11794.1700,11865.4900,11852.1300
$indu,10/12/06,0,11959.6300,11854.0500,11854.6900,11947.7000
$indu,10/13/06,0,11960.5100,11908.8000,11947.9400,11960.5100
$indu,10/16/06,0,11997.2500,11945.6200,11961.3100,11980.6000
$indu,10/17/06,0,11977.4000,11887.1900,11977.4000,11950.0200
$indu,10/18/06,0,12049.0300,11947.6200,11947.6200,11992.6800
$indu,10/19/06,0,12027.7400,11966.9100,11988.9200,12011.7300
$indu,10/20/06,0,12048.8700,11941.9400,12013.0100,12002.3700
$indu,10/23/06,0,12125.1600,11971.7900,12001.3300,12116.9100
$indu,10/24/06,0,12133.8000,12079.0500,12116.5100,12127.8800
$indu,10/25/06,0,12147.9700,12081.7700,12127.2400,12134.6800
$indu,10/26/06,0,12167.0200,12096.1000,12134.8400,12163.6600
$indu,10/27/06,0,12164.8600,12073.5300,12164.7800,12090.2600
$indu,10/30/06,0,12117.2300,12049.9200,12089.1400,12086.5000
$indu,10/31/06,0,12113.3900,12025.3400,12086.1800,12080.7300
$indu,11/01/06,0,12123.9600,12007.1700,12080.2500,12031.0200
$indu,11/02/06,0,12032.5500,11979.0000,12023.9800,12018.5400
$indu,11/03/06,0,12061.5200,11965.3100,12018.3000,11986.0400
$indu,11/06/06,0,12117.7100,11984.7600,11985.1600,12105.5500
$indu,11/07/06,0,12196.3200,12101.0600,12104.7500,12156.7700
$indu,11/08/06,0,12193.7500,12102.9000,12147.3800,12176.5400
$indu,11/09/06,0,12187.0300,12090.2600,12174.7000,12103.3000
$indu,11/10/06,0,12127.0800,12074.0100,12102.7400,12108.4300
$indu,11/13/06,0,12164.7000,12084.8100,12097.7000,12131.8800
$indu,11/14/06,0,12228.0100,12084.9700,12132.4400,12218.0100
$indu,11/15/06,0,12291.7300,12205.7600,12214.3700,12251.7100
$indu,11/16/06,0,12325.9100,12250.0500,12250.0500,12305.8200
$indu,11/17/06,0,12342.5600,12277.4000,12304.6200,12342.5600
$indu,11/20/06,0,12355.2300,12302.5200,12340.7100,12316.5400
$indu,11/21/06,0,12339.8500,12296.0300,12312.1300,12321.5900
$indu,11/22/06,0,12361.0000,12302.7600,12321.9100,12326.9500
$indu,11/24/06,0,12324.1100,12258.8600,12321.7100,12280.1700
$indu,11/27/06,0,12279.5300,12110.8100,12279.1300,12121.7100
$indu,11/28/06,0,12149.1900,12072.6000,12118.9400,12136.4500
$indu,11/29/06,0,12240.6700,12134.4000,12134.4000,12226.7300
$indu,11/30/06,0,12275.1200,12162.4800,12226.7300,12221.9300
$indu,12/01/06,0,12248.0400,12089.9800,12220.9700,12194.1300
$indu,12/04/06,0,12309.9700,12195.5700,12195.5700,12283.8500
$indu,12/05/06,0,12335.3700,12276.0800,12283.6900,12331.6000
$indu,12/06/06,0,12335.4500,12294.8300,12328.7200,12309.2500
$indu,12/07/06,0,12360.7600,12264.8700,12310.1300,12278.4100
$indu,12/08/06,0,12332.8800,12243.0800,12278.4100,12307.4900
$indu,12/11/06,0,12354.5900,12297.6300,12306.2100,12328.4800
$indu,12/12/06,0,12333.9200,12252.0500,12328.2400,12315.5800
$indu,12/13/06,0,12368.6100,12301.5600,12312.7100,12317.5000
$indu,12/14/06,0,12431.2600,12307.0100,12317.5000,12416.7600
$indu,12/15/06,0,12486.3000,12417.8800,12417.9600,12445.5200
$indu,12/18/06,0,12490.7000,12428.9400,12446.2400,12441.2700
$indu,12/19/06,0,12491.9100,12397.6100,12439.5100,12471.3200
$indu,12/20/06,0,12498.4700,12456.5800,12471.3200,12463.8700
$indu,12/21/06,0,12483.7300,12396.0100,12461.6200,12421.2500
$indu,12/22/06,0,12420.2100,12341.7000,12413.0800,12343.2200
$indu,12/26/06,0,12418.2000,12337.0500,12341.9400,12407.6300
$indu,12/27/06,0,12519.2200,12407.7900,12408.4300,12510.5700
$indu,12/28/06,0,12529.8800,12478.1300,12510.5700,12501.5200
$indu,12/29/06,0,12526.0300,12451.1300,12500.4800,12463.1500
$indu,01/03/07,0,12580.3500,12404.8200,12459.5400,12474.5200
$indu,01/04/07,0,12510.4100,12403.8600,12473.1600,12480.6900
$indu,01/05/07,0,12480.1300,12365.4100,12480.0500,12398.0100
$indu,01/08/07,0,12445.9200,12420.1300,12440.2300,12423.4900
$indu,01/09/07,0,12466.4300,12369.1700,12424.7700,12416.6000
$indu,01/10/07,0,12451.6100,12355.6300,12417.0000,12442.1600
$indu,01/11/07,0,12544.4600,12442.9600,12442.9600,12514.9800
$indu,01/12/07,0,12561.0400,12489.6600,12514.6600,12556.0800
$indu,01/16/07,0,12585.0800,12538.9300,12555.8400,12582.5900
$indu,01/17/07,0,12614.0000,12550.5500,12571.4600,12577.1500
$indu,01/18/07,0,12611.9100,12547.3400,12575.0600,12567.9300
$indu,01/19/07,0,12586.8400,12523.5500,12567.9300,12565.5300
$indu,01/22/07,0,12572.5800,12450.8900,12566.3300,12477.1600
$indu,01/23/07,0,12554.2300,12468.3500,12477.8100,12533.8000
$indu,01/24/07,0,12623.4500,12531.0800,12534.3700,12621.7700
$indu,01/25/07,0,12622.6500,12487.8200,12621.7700,12502.5600
$indu,01/26/07,0,12539.0900,12431.3400,12503.2800,12487.0200
$indu,01/29/07,0,12542.7000,12481.4900,12487.1000,12490.7800
$indu,01/30/07,0,12538.4500,12459.4600,12492.2300,12523.3100
$indu,01/31/07,0,12657.0200,12505.2000,12520.0300,12621.6900
$indu,02/01/07,0,12682.5700,12616.0800,12617.2000,12673.6800
$indu,02/02/07,0,12683.9300,12638.3500,12673.8400,12653.4900
$indu,02/05/07,0,12681.2100,12629.8600,12653.4100,12661.7400
$indu,02/06/07,0,12680.5700,12633.9400,12661.6600,12666.3100
$indu,02/07/07,0,12700.2800,12630.5000,12656.8600,12666.8700
$indu,02/08/07,0,12665.8300,12575.8600,12665.6700,12637.6300
$indu,02/09/07,0,12675.6800,12545.1000,12638.0300,12580.8300
$indu,02/12/07,0,12607.5100,12536.2100,12580.1100,12552.5500
$indu,02/13/07,0,12658.2200,12549.1900,12549.1900,12654.8500
$indu,02/14/07,0,12759.4000,12651.2100,12651.2900,12741.8600
$indu,02/15/07,0,12779.0300,12728.7200,12741.7000,12765.0100
$indu,02/16/07,0,12769.1700,12744.0200,12764.1300,12767.5700
$indu,02/20/07,0,12795.9300,12704.6800,12766.8500,12786.6400
$indu,02/21/07,0,12782.8700,12707.1700,12782.8700,12738.4100
$indu,02/22/07,0,12763.7300,12650.6100,12735.7700,12686.0200
$indu,02/23/07,0,12682.1300,12628.0200,12679.8900,12647.4800
$indu,02/26/07,0,12697.2300,12608.4700,12647.8800,12632.2600
$indu,02/27/07,0,12629.3800,12086.8600,12628.9000,12216.2400
$indu,02/28/07,0,12353.4700,12186.0400,12214.9200,12268.6300
$indu,03/01/07,0,12289.2200,12059.5400,12265.5900,12234.3400
$indu,03/02/07,0,12247.4000,12107.3700,12233.7800,12114.1000
$indu,03/05/07,0,12188.8400,12039.1100,12111.6100,12050.4100
$indu,03/06/07,0,12224.4100,12050.6100,12051.1700,12207.5900
$indu,03/07/07,0,12256.9400,12178.9900,12204.4600,12192.4500
$indu,03/08/07,0,12303.6400,12193.3300,12193.3300,12260.7000
$indu,03/09/07,0,12330.8800,12228.5000,12262.0600,12276.3200
$indu,03/12/07,0,12330.8800,12228.5000,12262.0600,12276.3200
$indu,03/13/07,0,12307.5700,12071.4800,12307.4900,12075.9600
$indu,03/14/07,0,12142.9400,11939.6100,12074.5200,12133.4000
$indu,03/15/07,0,12188.1200,12105.9200,12133.1600,12159.6800
$indu,03/16/07,0,12190.3600,12082.1300,12160.1600,12110.4100
$indu,03/19/07,0,12234.6700,12110.4100,12110.4100,12226.1700
$indu,03/20/07,0,12294.0300,12213.1100,12226.8100,12288.1000
$indu,03/21/07,0,12480.4500,12263.5100,12288.9800,12447.5200
$indu,03/22/07,0,12476.2800,12408.5100,12446.7200,12461.1400
$indu,03/23/07,0,12511.0500,12448.6500,12460.5000,12481.0100
$indu,03/26/07,0,12486.7800,12367.1700,12480.3700,12469.0700
$indu,03/27/07,0,12468.6700,12377.2700,12468.5900,12397.2900
$indu,03/28/07,0,12396.4900,12257.4200,12396.4900,12300.3600
$indu,03/29/07,0,12381.9100,12267.5900,12301.4800,12348.7500
$indu,03/30/07,0,12416.6800,12242.6000,12348.9100,12354.3500
$indu,04/02/07,0,12394.9800,12324.2800,12354.5200,12382.3000
$indu,04/03/07,0,12534.1900,12379.0500,12379.0500,12510.3000
$indu,04/04/07,0,12541.5100,12495.7500,12511.3600,12530.0500
$indu,04/05/07,0,12572.4700,12500.3900,12523.2200,12560.2000
$indu,04/09/07,0,12593.6000,12555.3200,12562.6400,12569.1400
$indu,04/10/07,0,12588.5600,12549.4700,12568.4900,12573.8500
$indu,04/11/07,0,12580.0300,12455.8500,12572.2300,12484.6200
$indu,04/12/07,0,12557.3500,12428.2200,12483.6400,12552.9600
$indu,04/13/07,0,12615.3800,12530.2100,12551.9100,12612.1300
$indu,04/16/07,0,12731.1800,12611.3100,12611.6400,12720.4600
$indu,04/17/07,0,12790.0200,12707.4500,12719.5600,12773.0400
$indu,04/18/07,0,12838.4600,12728.9900,12771.0800,12803.8400
$indu,04/19/07,0,12830.0800,12734.9200,12799.7700,12808.6300
$indu,04/20/07,0,12966.2900,12810.1700,12811.1500,12961.9800
$indu,04/23/07,0,12983.9200,12916.6300,12961.4900,12919.4000
$indu,04/24/07,0,12989.8600,12901.6800,12919.6400,12953.9400
$indu,04/25/07,0,13107.4500,12951.4200,12951.4200,13089.8900
$indu,04/26/07,0,13132.8000,13068.1200,13088.8400,13105.5000
$indu,04/27/07,0,13148.0000,13073.4000,13104.0400,13120.9400
$indu,04/30/07,0,13162.0600,13061.5300,13120.2100,13062.9100
$indu,05/01/07,0,13137.7600,13041.3000,13062.7500,13136.1400
$indu,05/02/07,0,13256.0000,13130.5300,13133.9400,13211.8800
$indu,05/03/07,0,13246.8200,13196.0300,13206.6500,13241.3800
$indu,05/04/07,0,13284.5300,13228.7800,13243.0800,13264.6200
$indu,05/07/07,0,13317.6900,13260.8000,13264.1300,13312.9700
$indu,05/08/07,0,13314.4300,13237.9600,13305.9800,13309.0700
$indu,05/09/07,0,13369.2900,13278.3500,13300.6200,13362.8700
$indu,05/10/07,0,13359.1300,13210.9000,13359.0500,13215.1300
$indu,05/11/07,0,13332.8800,13212.0400,13212.2000,13326.2200
$indu,05/14/07,0,13383.7600,13297.0400,13325.8100,13346.7800
$indu,05/15/07,0,13481.6000,13339.4700,13346.0500,13383.8400
$indu,05/16/07,0,13488.9100,13364.0100,13374.1300,13487.5300
$indu,05/17/07,0,13516.6300,13447.7900,13486.9600,13476.7200
$indu,05/18/07,0,13558.4800,13476.4000,13476.4000,13556.5300
$indu,05/21/07,0,13586.0300,13529.1400,13556.5300,13542.8800
$indu,05/22/07,0,13586.6800,13528.9800,13544.9900,13539.9500
$indu,05/23/07,0,13609.7600,13505.1700,13540.8400,13525.6500
$indu,05/24/07,0,13624.5500,13423.9000,13522.6000,13441.1300
$indu,05/25/07,0,13516.1400,13440.0700,13441.9400,13507.2800
$indu,05/29/07,0,13564.6600,13465.3500,13507.2800,13521.3400
$indu,05/30/07,0,13635.6000,13456.7300,13517.8900,13633.0800
$indu,05/31/07,0,13673.0700,13614.7200,13633.0000,13627.6400
$indu,06/01/07,0,13692.0000,13625.9300,13628.6900,13668.1100
$indu,06/04/07,0,13690.2100,13618.7800,13667.2100,13676.3200
$indu,06/05/07,0,13673.5100,13551.0000,13673.1900,13595.4600
$indu,06/06/07,0,13591.0700,13437.8000,13590.6600,13465.6700
$indu,06/07/07,0,13480.2200,13259.8200,13463.4800,13266.7300
$indu,06/08/07,0,13430.6500,13251.5300,13267.1400,13424.3900
$indu,06/11/07,0,13478.1100,13381.6400,13423.3300,13424.9600
$indu,06/12/07,0,13449.5000,13294.6100,13424.3900,13295.0100
$indu,06/13/07,0,13485.1200,13287.6200,13287.6200,13482.3500
$indu,06/14/07,0,13581.6100,13479.3500,13482.4300,13553.7200
$indu,06/15/07,0,13688.6600,13556.4900,13556.6500,13639.4800
$indu,06/18/07,0,13667.9400,13608.7600,13639.0000,13612.9800
$indu,06/19/07,0,13652.1700,13577.2200,13611.6800,13635.4200
$indu,06/20/07,0,13674.3600,13483.2500,13636.5600,13489.4200
$indu,06/21/07,0,13564.2100,13400.5800,13486.6600,13545.8400
$indu,06/22/07,0,13545.1100,13359.6900,13545.0300,13360.2600
$indu,06/25/07,0,13488.7700,13299.7800,13360.0900,13352.0500
$indu,06/26/07,0,13452.5200,13308.7200,13352.3700,13337.6600
$indu,06/27/07,0,13433.0100,13259.8600,13336.9300,13427.7300
$indu,06/28/07,0,13495.3600,13389.2800,13427.4800,13422.2800
$indu,06/29/07,0,13523.8900,13316.5200,13422.6100,13408.6200
$indu,07/02/07,0,13537.8700,13409.5200,13409.6000,13535.4300
$indu,07/03/07,0,13591.6900,13531.5300,13531.5300,13577.3000
$indu,07/05/07,0,13580.0600,13514.2200,13576.2400,13565.8400
$indu,07/06/07,1247318,13633.6300,13537.9500,13559.0100,13611.6800
$indu,07/09/07,0,13670.2100,13609.0000,13612.6600,13649.9700
$indu,07/10/07,0,13649.2400,13496.1700,13648.5900,13501.7000
$indu,07/11/07,0,13590.9500,13474.7900,13500.4000,13577.8700
$indu,07/12/07,0,13869.9400,13579.1700,13579.3300,13861.7300
$indu,07/13/07,0,13932.2900,13845.8800,13859.8600,13907.2500
$indu,07/16/07,0,13989.1100,13894.9800,13907.0900,13950.9800
$indu,07/17/07,0,14021.9500,13942.8500,13951.9600,13971.5500
$indu,07/18/07,0,13965.9400,13823.6000,13955.0500,13918.2200
$indu,07/19/07,0,14015.8500,13918.7900,13918.7900,14000.4100
$indu,07/20/07,0,14009.2700,13800.4400,14000.7300,13851.0800
$indu,07/23/07,0,13973.7400,13851.7300,13851.7300,13943.4200
$indu,07/24/07,0,13940.9900,13701.8300,13940.9000,13716.9500
$indu,07/25/07,0,13820.9200,13674.8400,13731.9100,13785.0700
$indu,07/26/07,0,13822.2200,13338.3900,13779.2200,13473.5700
$indu,07/27/07,0,13520.8000,13265.4700,13472.6800,13265.4700
$indu,07/30/07,0,13397.4100,13219.1400,13266.2100,13358.3100
$indu,07/31/07,0,13498.5300,13199.7900,13360.6600,13211.9900
$indu,08/01/07,0,13393.0200,13134.2700,13210.8500,13362.3700
$indu,08/02/07,0,13500.8100,13350.4200,13357.8200,13463.3300
$indu,08/03/07,0,13471.7900,13175.2400,13462.2500,13181.9100
$indu,08/06/07,0,13470.1600,13158.5800,13183.1300,13468.7800
$indu,08/07/07,0,13607.4600,13347.3300,13467.7200,13504.3000
$indu,08/08/07,0,13695.8200,13490.0800,13497.2300,13657.8600
$indu,08/09/07,0,13652.3300,13270.6800,13652.3300,13270.6800
$indu,08/10/07,0,13306.5200,13057.8600,13270.5900,13239.5400
$indu,08/13/07,0,13338.1500,13219.4600,13238.2400,13236.5300
$indu,08/14/07,0,13269.7800,13018.7600,13235.7200,13028.9200
$indu,08/15/07,0,13116.5500,12835.3700,13021.9300,12861.4700
$indu,08/16/07,0,12885.8500,12517.9400,12859.5200,12845.7800
$indu,08/17/07,0,13167.6800,12847.8100,12848.0500,13079.0800
$indu,08/20/07,0,13180.6900,12982.7500,13078.5100,13121.3500
$indu,08/21/07,0,13178.3300,13052.1700,13120.0500,13090.8600
$indu,08/22/07,0,13248.0800,13088.2600,13088.2600,13236.1300
$indu,08/23/07,0,13298.6400,13170.4500,13237.2700,13235.8800
$indu,08/24/07,0,13381.4700,13208.6500,13231.7800,13378.8700
$indu,08/27/07,0,13383.2600,13305.5500,13377.1600,13322.1300
$indu,08/28/07,0,13313.6400,13035.4300,13313.1500,13041.8500
$indu,08/29/07,0,13292.9500,13043.0700,13043.0700,13289.2900
$indu,08/30/07,0,13315.1400,13184.5900,13287.9100,13238.7300
$indu,08/31/07,0,13428.9500,13240.8400,13240.8400,13357.7400
$indu,09/04/07,1370220,13493.9800,13317.5000,13358.3900,13448.8600
$indu,09/05/07,1392625,13442.8500,13248.9700,13442.8500,13305.4700
$indu,09/06/07,1280908,13398.7100,13274.8200,13306.4400,13363.3500
$indu,09/07/07,1459989,13356.9200,13082.8200,13356.9200,13113.3800
$indu,09/10/07,0,13207.1900,13021.9300,13116.3900,13127.8500
$indu,09/11/07,0,13324.9000,13129.1500,13129.3100,13308.3900
$indu,09/12/07,0,13360.0100,13263.0300,13298.3100,13291.6500
$indu,09/13/07,0,13469.2700,13292.3800,13292.3800,13424.8800
$indu,09/14/07,0,13459.7500,13323.8400,13421.3900,13442.5200
$indu,09/17/07,0,13451.5400,13362.3700,13441.9500,13403.4200
$indu,09/18/07,0,13739.9600,13403.1800,13403.1800,13739.3900
$indu,09/19/07,0,13865.7900,13739.8800,13740.6100,13815.5600
$indu,09/20/07,0,13822.1400,13741.0100,13813.6100,13766.7000
$indu,09/21/07,0,13877.1700,13768.2500,13768.3300,13820.1900
$indu,09/24/07,0,13874.4100,13750.9300,13821.5700,13759.0600
$indu,09/25/07,0,13786.1300,13696.3100,13757.8400,13778.6500
$indu,09/26/07,0,13913.5900,13779.3000,13779.3000,13878.1500
$indu,09/27/07,0,13920.4200,13868.1500,13879.5300,13912.9400
$indu,09/28/07,0,13924.8100,13850.2700,13912.9400,13895.6300
$indu,10/01/07,0,14115.2700,13895.7100,13895.7100,14087.5500
$indu,10/02/07,0,14107.4700,14012.1100,14087.1400,14047.3100
$indu,10/03/07,0,14038.9400,13947.7300,14038.8600,13968.0500
$indu,10/04/07,0,14010.4100,13951.6300,13967.8900,13974.3100
$indu,10/05/07,0,14124.5400,13968.8300,13969.0700,14066.0100
$indu,10/08/07,0,14067.9600,14009.6700,14065.3600,14043.7300
$indu,10/09/07,0,14166.4000,14034.3900,14043.7300,14164.5300
$indu,10/10/07,0,14165.0200,14009.5100,14165.0200,14078.6900
$indu,10/11/07,0,14198.1000,13950.2500,14079.1000,14015.1200
$indu,10/12/07,0,14101.7700,14013.7400,14016.3400,14093.0800
$indu,10/15/07,0,14118.5200,13904.3200,14092.4300,13984.8000
$indu,10/16/07,0,13992.0300,13877.9000,13986.3400,13912.9400
$indu,10/17/07,0,14012.8400,13774.6700,13920.6600,13892.5400
$indu,10/18/07,0,13913.7500,13820.3500,13887.9000,13888.9600
$indu,10/19/07,0,13888.4700,13511.9400,13888.4700,13522.0200
$indu,10/22/07,0,13587.2200,13407.4900,13521.6200,13566.9700
$indu,10/23/07,0,13684.6000,13540.8800,13568.9300,13676.2300
$indu,10/24/07,0,13690.4500,13470.1600,13675.5800,13675.2500
$indu,10/25/07,0,13741.2600,13547.6300,13677.8500,13671.9200
$indu,10/26/07,0,13811.2500,13675.2500,13675.6600,13806.7000
$indu,10/29/07,0,13901.4000,13805.3100,13807.3500,13870.2600
$indu,10/30/07,0,13869.2900,13778.5700,13869.0400,13792.4700
$indu,10/31/07,0,13962.4500,13767.6800,13792.1500,13930.0100
$indu,11/01/07,0,13924.1600,13550.3900,13924.1600,13567.8700
$indu,11/02/07,0,13632.9000,13446.0200,13569.9000,13595.1000
$indu,11/05/07,0,13613.5500,13447.0700,13590.7100,13543.4000
$indu,11/06/07,0,13669.7200,13511.8600,13542.3400,13660.9400
$indu,11/07/07,0,13646.7200,13285.6300,13646.7200,13300.0200
$indu,11/08/07,1754361,13354.0000,13079.4800,13302.1300,13266.2900
$indu,11/09/07,0,13262.1400,13017.3000,13261.1700,13042.7400
$indu,11/12/07,0,13162.6400,12981.0400,13039.1600,12987.5500
$indu,11/13/07,0,13319.4500,12975.1100,12975.1100,13307.0900
$indu,11/14/07,0,13367.1700,13197.8400,13305.4700,13231.0100
$indu,11/15/07,0,13262.1400,13059.4100,13229.0600,13110.0500
$indu,11/16/07,0,13210.6000,13050.5500,13109.4800,13176.7900
$indu,11/19/07,0,13176.3000,12937.6300,13176.2200,12958.4400
$indu,11/20/07,0,13105.3300,12840.0100,12955.9200,13010.1400
$indu,11/21/07,0,13007.7100,12787.1700,13006.6500,12799.0400
$indu,11/23/07,0,12980.8800,12796.0700,12796.0700,12980.8800
$indu,11/26/07,0,13037.3000,12724.0900,12979.9900,12743.4400
$indu,11/27/07,0,12991.8500,12744.7800,12744.7800,12958.4400
$indu,11/28/07,0,13325.3800,12958.0400,12958.0400,13289.4500
$indu,11/29/07,0,13346.2700,13214.7500,13287.9100,13311.7300
$indu,11/30/07,0,13466.9900,13284.8200,13314.2500,13371.7200
$indu,12/03/07,0,13406.5100,13296.2800,13368.2200,13314.5700
$indu,12/04/07,0,13316.2800,13237.5900,13311.2400,13248.7300
$indu,12/05/07,0,13459.5100,13244.0100,13244.0100,13444.9600
$indu,12/06/07,0,13631.6000,13426.1800,13445.8500,13619.8900
$indu,12/07/07,0,13666.7200,13602.3400,13618.2700,13625.5800
$indu,12/10/07,0,13754.0200,13623.5500,13623.5500,13727.0300
$indu,12/11/07,0,13780.1100,13423.3400,13726.8700,13432.7700
$indu,12/12/07,0,13701.0200,13324.4900,13505.3600,13473.9000
$indu,12/13/07,0,13526.3300,13353.9200,13473.9800,13517.9600
$indu,12/14/07,0,13511.9400,13335.2200,13511.9400,13339.8500
$indu,12/17/07,0,13339.4500,13158.4200,13339.2000,13167.2000
$indu,12/18/07,0,13279.4600,13092.0000,13168.6600,13232.4700
$indu,12/19/07,0,13300.3500,13147.7700,13231.9800,13207.2700
$indu,12/20/07,0,13288.4000,13153.6200,13206.4600,13245.6400
$indu,12/21/07,0,13473.9800,13241.6600,13241.6600,13450.6500
$indu,12/24/07,0,13562.1800,13454.9600,13454.9600,13549.3300
$indu,12/26/07,0,13563.2400,13492.8400,13548.1200,13551.6900
$indu,12/27/07,0,13551.0400,13349.2800,13549.6600,13359.6100
$indu,12/28/07,0,13451.3800,13298.1500,13361.2300,13365.8700
$indu,12/31/07,0,13364.7300,13246.5300,13364.1600,13264.8200
$indu,01/02/08,0,13278.7200,12993.8900,13261.5700,13043.9600
$indu,01/03/08,0,13137.9300,13023.5600,13044.1200,13056.7200
$indu,01/04/08,0,13046.7200,12790.0100,13046.5600,12800.1800
$indu,01/07/08,0,12884.1500,12733.8400,12801.1500,12827.4900
$indu,01/08/08,0,12906.3400,12565.4100,12822.3700,12589.0700
$indu,01/09/08,0,12738.6400,12505.3400,12590.2100,12735.3100
$indu,01/10/08,0,12930.8100,12632.1500,12733.1100,12853.0900
$indu,01/11/08,0,12851.1400,12543.8700,12850.7400,12606.3000
$indu,01/14/08,0,12794.5700,12613.7000,12613.7800,12778.1500
$indu,01/15/08,0,12777.5000,12490.8700,12777.5000,12501.1100
$indu,01/16/08,0,12613.1300,12392.2700,12476.8100,12466.1600
$indu,01/17/08,0,12517.6100,12127.5100,12467.0500,12159.2100
$indu,01/18/08,0,12341.5400,12022.4800,12159.9400,12099.3000
$indu,01/22/08,0,12080.8500,11645.2200,12080.7700,11971.1900
$indu,01/23/08,2828899,12276.6700,11644.8100,11969.0800,12270.1700
$indu,01/24/08,0,12398.7700,12248.3000,12272.4500,12378.6100
$indu,01/25/08,0,12486.0700,12185.8700,12391.7000,12207.1700
$indu,01/28/08,0,12386.0100,12114.9900,12205.7100,12383.8900
$indu,01/29/08,0,12502.8200,12346.9900,12394.9500,12480.3000
$indu,01/30/08,0,12679.2200,12408.4400,12475.5100,12442.8300
$indu,01/31/08,0,12702.3800,12249.9300,12438.2800,12650.3600
$indu,02/01/08,0,12767.7400,12602.3200,12638.1700,12743.1900
$indu,02/04/08,0,12749.7800,12621.8300,12743.1100,12635.1600
$indu,02/05/08,0,12631.9300,12264.0700,12631.8500,12265.1300
$indu,02/06/08,0,12390.3200,12178.1500,12257.2500,12200.1000
$indu,02/07/08,0,12332.5200,12120.4400,12196.2000,12247.0000
$indu,02/08/08,0,12281.8800,12103.3700,12248.4700,12182.1300
$indu,02/11/08,0,12252.1200,12069.4700,12181.8900,12240.0100
$indu,02/12/08,0,12469.4100,12241.5600,12241.5600,12373.4100
$indu,02/13/08,0,12573.1300,12367.8000,12368.1200,12552.2400
$indu,02/14/08,0,12557.6100,12361.4600,12551.5100,12376.9800
$indu,02/15/08,0,12376.6600,12278.6200,12376.6600,12348.2100
$indu,02/19/08,0,12505.2500,12304.0800,12349.5900,12337.2200
$indu,02/20/08,0,12464.0600,12227.7200,12333.3100,12427.2600
$indu,02/21/08,0,12503.4600,12247.3400,12426.8500,12284.3000
$indu,02/22/08,0,12396.6500,12155.4300,12281.0900,12381.0200
$indu,02/25/08,0,12584.6200,12341.0400,12380.7700,12570.2200
$indu,02/26/08,0,12734.1800,12512.4100,12569.4800,12684.9200
$indu,02/27/08,0,12756.5600,12609.3700,12683.5400,12694.2800
$indu,02/29/08,0,12580.1500,12223.5700,12579.5800,12266.3900
$indu,03/04/08,0,12259.2300,12032.4200,12259.1400,12213.8000
$indu,03/05/08,0,12349.6700,12140.5300,12204.9300,12254.9900
$indu,03/06/08,0,12254.5900,12026.0700,12254.5900,12040.3900
$indu,03/07/08,0,12094.2100,11821.7300,12039.0900,11893.6900
$indu,03/10/08,0,11926.5000,11731.6000,11893.0400,11740.1500
$indu,03/11/08,3723258,12158.0300,11741.0100,11741.3300,12156.8100
$indu,03/12/08,0,12301.4000,12094.3700,12148.6100,12110.2400
$indu,03/13/08,0,12215.3500,11875.7800,12096.4900,12145.7400
$indu,03/14/08,0,12193.6100,11832.7200,12146.3900,11951.0900
$indu,03/17/08,0,12076.2200,11756.6000,11946.4500,11972.2500
$indu,03/18/08,1949098,12392.6600,11975.8400,12060.8300,12392.6600
$indu,03/19/08,0,12461.5300,12095.1000,12391.5200,12099.6600
$indu,03/20/08,0,12378.7400,12097.8700,12102.4300,12361.3200
$indu,03/24/08,0,12622.0700,12361.9700,12361.9700,12548.6400
$indu,03/25/08,0,12571.8400,12449.0800,12547.3400,12532.6000
$indu,03/26/08,0,12531.9500,12376.7000,12531.7900,12422.8600
$indu,03/27/08,0,12476.7600,12293.3400,12421.8800,12302.4600
$indu,03/28/08,0,12382.1600,12196.8700,12303.9200,12216.4000
$indu,03/31/08,0,12326.4700,12176.1100,12215.9200,12262.8900
$indu,04/01/08,0,12659.8200,12266.4700,12266.6400,12654.3600
$indu,04/02/08,0,12696.2900,12555.1700,12651.6700,12605.8300
$indu,04/03/08,0,12675.1200,12527.7500,12604.6900,12626.0300
$indu,04/04/08,0,12688.4800,12528.1600,12626.3500,12609.4200
$indu,04/07/08,0,12733.6600,12583.2800,12612.5900,12612.4300
$indu,04/08/08,0,12607.3000,12525.8000,12602.6600,12576.4400
$indu,04/09/08,0,12621.5500,12468.9700,12574.6500,12527.2600
$indu,04/10/08,0,12649.3100,12497.2200,12526.7800,12581.9800
$indu,04/11/08,0,12580.2700,12304.6600,12579.7800,12325.4200
$indu,04/14/08,0,12367.6000,12280.4000,12324.7700,12302.0600
$indu,04/15/08,0,12386.2400,12270.7900,12303.6000,12362.4700
$indu,04/16/08,0,12625.7800,12371.5100,12371.5100,12619.2700
$indu,04/17/08,0,12656.5600,12563.2500,12617.4000,12620.4900
$indu,04/18/08,0,12893.9800,12626.7600,12626.7600,12849.3600
$indu,04/21/08,0,12850.9100,12751.1700,12850.9100,12825.0200
$indu,04/22/08,0,12825.2600,12658.1100,12825.0200,12720.2300
$indu,04/23/08,0,12837.3900,12703.0500,12721.4500,12763.2200
$indu,04/24/08,0,12939.9000,12706.6300,12764.6800,12848.9500
$indu,04/25/08,0,12909.2000,12742.7800,12848.3800,12891.8600
$indu,04/28/08,0,12938.7600,12857.5000,12890.7200,12871.7500
$indu,04/29/08,0,12889.8300,12804.6600,12870.3700,12831.9400
$indu,04/30/08,0,13010.0000,12808.9800,12831.4500,12820.1300
$indu,05/01/08,0,13029.0500,12793.1000,12818.3400,13010.0000
$indu,05/02/08,0,13132.4600,12981.8300,13012.5300,13058.2000
$indu,05/05/08,0,13058.4500,12939.7400,13056.5700,12969.5400
$indu,05/06/08,0,13046.1500,12863.2000,12968.8900,13020.8300
$indu,05/07/08,0,13036.7100,12796.1900,13010.8200,12814.3500
$indu,05/08/08,0,12909.8600,12794.8100,12814.8400,12866.7800
$indu,05/09/08,0,12861.4100,12715.0200,12860.6800,12745.8800
$indu,05/12/08,0,12904.1600,12740.5000,12745.5500,12876.3100
$indu,05/13/08,0,12891.3700,12780.9700,12872.0800,12832.1800
$indu,05/14/08,0,12993.1500,12825.1200,12825.1200,12898.3800
$indu,05/15/08,0,12999.5000,12854.9800,12891.2900,12992.6600
$indu,05/16/08,0,13001.9400,12893.4900,12992.7400,12986.8000
$indu,05/19/08,0,13136.6900,12963.7600,12985.4100,13028.1600
$indu,05/20/08,0,13026.0400,12781.7800,13026.0400,12828.6800
$indu,05/21/08,0,12862.4700,12573.6700,12824.9400,12601.1900
$indu,05/22/08,0,12669.3400,12591.3400,12597.6900,12625.6200
$indu,05/23/08,0,12621.9600,12460.0900,12620.9000,12479.6300
$indu,05/27/08,0,12572.5300,12442.5900,12479.6300,12548.3500
$indu,05/28/08,0,12601.9300,12495.2700,12542.9000,12594.0300
$indu,05/29/08,0,12726.6600,12554.7000,12593.8700,12646.2200
$indu,05/30/08,2102267,12688.2600,12491.1500,12500.4000,12636.8000
$indu,06/02/08,1990875,12567.0800,12483.3300,12524.5600,12489.1000
$indu,06/03/08,0,12553.3200,12343.3400,12503.2000,12402.8500
$indu,06/04/08,0,12495.9200,12339.5900,12389.2600,12390.4800
$indu,06/05/08,0,12606.1600,12388.8100,12388.8100,12604.4500
$indu,06/06/08,0,12610.9600,12192.0600,12593.6200,12209.8100
$indu,06/09/08,0,12331.0400,12197.1100,12211.2700,12280.3200
$indu,06/10/08,0,12369.2300,12206.9600,12277.7100,12289.7600
$indu,06/11/08,0,12286.6700,12079.1300,12286.3400,12083.7700
$indu,06/12/08,0,12269.2400,12076.9300,12089.6300,12141.5800
$indu,06/13/08,0,12310.2800,12144.5900,12144.5900,12307.3500
$indu,06/16/08,0,12319.7200,12212.2500,12306.8600,12269.0800
$indu,06/17/08,0,12322.8200,12150.2900,12269.6500,12160.3000
$indu,06/18/08,0,12158.6800,11993.6400,12158.6800,12029.0600
$indu,06/19/08,0,12114.7900,11978.3300,12022.5400,12063.0900
$indu,06/20/08,0,12062.1900,11818.8300,12062.1900,11842.6900
$indu,06/23/08,0,11886.2500,11814.6000,11843.8300,11842.3600
$indu,06/24/08,0,11904.3200,11725.5200,11842.3600,11807.4300
$indu,06/25/08,0,11924.1900,11789.3600,11805.3100,11811.8300
$indu,06/26/08,0,11808.7300,11453.4200,11808.5700,11453.4200
$indu,06/27/08,0,11485.2500,11297.9900,11452.8500,11346.5100
$indu,06/30/08,0,11437.3000,11287.5600,11345.7000,11350.0100
$indu,07/01/08,0,11407.9000,11183.4300,11344.6400,11382.2600
$indu,07/02/08,0,11434.1200,11214.3700,11382.3400,11215.5100
$indu,07/03/08,0,11337.4800,11157.2100,11216.0000,11288.5400
$indu,07/07/08,0,11399.1100,11120.7400,11289.1900,11231.9600
$indu,07/08/08,0,11391.1300,11174.8800,11225.0300,11384.2100
$indu,07/09/08,0,11418.2400,11141.9900,11381.9300,11147.4400
$indu,07/10/08,0,11270.3000,11086.9500,11148.0100,11229.0200
$indu,07/11/08,0,11241.0700,10977.6800,11226.1700,11100.5400
$indu,07/14/08,0,11239.0400,11003.6500,11103.6400,11055.1900
$indu,07/15/08,0,11123.6700,10827.7100,11050.8000,10962.5400
$indu,07/16/08,0,11244.1700,10918.3300,10961.8900,11239.2800
$indu,07/17/08,0,11446.6600,11209.5600,11238.3900,11446.6600
$indu,07/18/08,0,11510.8200,11381.9300,11436.5600,11496.5700
$indu,07/21/08,0,11559.6700,11423.9400,11495.0200,11467.3400
$indu,07/22/08,0,11616.6600,11387.3900,11457.9000,11602.5000
$indu,07/23/08,0,11698.1700,11558.2900,11603.3900,11632.3800
$indu,07/24/08,0,11634.4900,11345.3700,11630.3400,11349.2800
$indu,07/25/08,0,11443.8100,11325.1000,11341.1400,11370.6900
$indu,07/28/08,0,11369.5500,11125.1300,11369.4700,11131.0800
$indu,07/29/08,0,11398.3800,11128.0600,11133.4400,11397.5600
$indu,07/30/08,0,11586.6200,11397.5600,11397.5600,11583.6900
$indu,07/31/08,0,11578.8900,11363.6900,11577.9900,11378.0200
$indu,08/01/08,0,11425.7300,11267.0500,11379.8900,11326.3200
$indu,08/04/08,0,11382.1700,11221.5300,11326.3200,11284.1500
$indu,08/05/08,0,11615.9300,11286.0200,11286.0200,11615.7700
$indu,08/06/08,0,11685.4600,11521.3200,11603.6400,11656.0700
$indu,08/06/08,0,11685.4600,11521.3200,11603.6400,11656.0700
$indu,08/07/08,0,11655.5800,11416.7000,11655.4200,11431.4300
$indu,08/08/08,0,11759.9600,11388.4400,11432.0900,11734.3200
$indu,08/11/08,0,11867.1100,11675.5300,11729.6700,11782.3500
$indu,08/12/08,0,11782.3500,11601.5200,11781.7000,11642.4700
$indu,08/13/08,0,11633.7800,11453.3400,11632.8100,11532.9600
$indu,08/14/08,0,11718.2800,11450.8900,11532.0700,11615.9300
$indu,08/15/08,0,11709.8900,11599.7300,11611.2100,11659.9000
$indu,08/18/08,0,11690.4300,11434.1200,11659.6500,11479.3900
$indu,08/19/08,0,11478.1700,11318.5000,11478.0900,11348.5500
$indu,08/20/08,0,11454.1500,11290.5800,11345.9400,11417.4300
$indu,08/21/08,0,11476.2100,11315.5700,11415.2300,11430.2100
$indu,08/22/08,0,11632.1300,11426.7900,11426.7900,11628.0600
$indu,08/25/08,0,11626.2700,11362.6300,11626.1900,11386.2500
$indu,08/26/08,0,11436.2400,11340.4100,11383.5600,11412.8700
$indu,08/27/08,0,11554.4600,11381.7700,11412.4600,11502.5100
$indu,08/28/08,0,11715.1800,11499.7900,11499.8700,11715.1800
$indu,08/29/08,0,11713.2300,11543.3900,11713.2300,11543.5500
$indu,09/02/08,0,11790.1700,11471.9000,11545.6300,11516.9200
$indu,09/03/08,0,11554.3800,11416.5300,11506.0100,11532.8800
$indu,09/04/08,0,11532.4800,11176.0200,11532.4800,11188.2300
$indu,09/05/08,0,11245.1500,11037.8500,11185.6300,11220.9600
$indu,09/08/08,0,11570.6600,11224.7900,11224.8700,11510.7400
$indu,09/09/08,0,11577.5000,11230.7300,11514.7300,11230.7300
$indu,09/10/08,0,11380.6300,11215.2600,11233.9100,11268.9200
$indu,09/11/08,0,11445.6800,11098.6700,11264.4400,11433.7100
$indu,09/12/08,0,11459.9300,11280.4000,11429.3200,11421.9900
$indu,09/15/08,0,11416.4500,10917.5100,11416.3700,10917.5100
$indu,09/16/08,0,11093.2200,10742.7000,10905.6200,11059.0200
$indu,09/17/08,0,11057.3100,10595.9000,11056.5800,10609.6600
$indu,09/18/08,0,11076.4400,10459.4400,10609.0100,11019.6900
$indu,09/19/08,0,11483.0500,11026.7000,11027.5100,11388.4400
$indu,09/22/08,0,11394.5800,10992.2000,11394.4200,11015.6900
$indu,09/23/08,0,11143.2100,10833.9400,11015.6900,10854.1700
$indu,09/24/08,0,10928.4000,10753.5700,10850.0200,10825.1700
$indu,09/25/08,0,11129.1900,10827.0100,10827.1700,11022.0600
$indu,09/26/08,0,11168.0600,10868.8200,11019.0400,11143.1300
$indu,09/29/08,0,11139.9400,10365.4500,11139.6200,10365.4500
$indu,09/30/08,0,10868.9000,10371.4200,10371.5800,10850.6600
$indu,10/01/08,0,10882.5200,10631.9500,10847.4000,10831.0700
$indu,10/02/08,0,10825.5400,10439.5200,10825.5400,10482.8500
$indu,10/03/08,0,10796.2600,10310.2500,10483.9600,10325.3800
